region,incomegroup,country,countrycode,2000,2001,2002,2003,2004,2005,2006,2007,2008,2009,2010,2011,2012,2013,2014,2015,2016,2017,2018,2019,2020,2021,2022
South Asia,Low income,Afghanistan,AFG,21.87080211,21.88130402,23.27419282,24.66743482,26.06769471,27.47541582,28.8840397,30.37464076,31.87385375,33.38186228,34.89884717,36.4251488,37.96080939,39.50601764,41.06096635,42.62602284,44.20121748,45.78912703,47.39066209,49.00616952,50.49964687,50.49964687,50.49964687
Europe & Central Asia,Upper middle income,Albania,ALB,89.48867136,90.03095617,90.60551419,91.16545587,91.71065289,92.32297713,92.92140649,93.5057424,94.07581407,94.63115604,95.17215972,95.69849376,96.21027103,96.7065609,97.18802044,97.65496533,98.10790338,98.54729837,98.97364391,99.18306692,99.29879315,99.29879315,99.29879315
Middle East & North Africa,Lower middle income,Algeria,DZA,84.48083003,84.75992373,85.03280131,85.29916518,85.55907212,85.8122571,86.05913165,86.29943704,86.53356367,86.75948739,86.97813394,87.18924221,87.0935433,86.98687876,86.86984679,86.74252429,86.60548472,86.45882598,86.30309248,86.13850411,85.96546957,85.96546957,85.96546957
East Asia & Pacific,High income,American Samoa,ASM,64.8781047,64.87290882,64.86771294,64.86251706,64.85732118,64.8521253,64.84692942,64.84173354,64.83653766,63.68227012,62.52818676,61.37428758,60.22057259,59.06704178,57.91369515,56.76053271,55.60755445,54.45476038,54.45476038,54.45476038,54.45476038,54.45476038,54.45476038
Europe & Central Asia,High income,Andorra,AND,100.0000007,99.99999929,100.000002,99.99999479,100.0000044,99.99999637,100.0000012,99.99999654,100.0000034,100.0000011,100.0000023,99.99999772,100.0000035,99.99999528,100.0000012,99.99999755,99.99999506,99.99999876,100.0000012,100.0000037,100.0000037,100.0000037,100.0000037
Sub-Saharan Africa,Lower middle income,Angola,AGO,27.55752287,28.98922337,30.42246748,31.85606084,33.29039067,34.72263851,35.99128127,37.25930604,38.52751059,39.79427161,41.06079267,42.32666372,43.59147171,44.85479322,46.11702927,47.37448057,48.62794482,49.87698012,51.12074396,51.39362406,51.66032915,51.66032915,51.66032915
Latin America & Caribbean,High income,Antigua and Barbuda,ATG,82.40930841,82.80122949,83.19315056,83.58507164,83.97699271,84.36891379,84.76083486,85.15275594,85.54467701,85.93659809,86.32851916,86.72044024,87.11236131,87.50428238,87.50428238,87.50428238,87.50428238,87.50428238,87.50428238,87.50428238,87.50428238,87.50428238,87.50428238
Latin America & Caribbean,Upper middle income,Argentina,ARG,87.22025186,87.75030642,88.27940072,88.80778679,89.33608423,89.86410386,90.3920797,90.91980455,91.44751476,91.97501431,92.50233092,93.02688168,93.55005363,94.01399452,94.48011382,94.9480284,95.41770247,95.41770247,95.41770247,95.41770247,95.41770247,95.41770247,95.41770247
Europe & Central Asia,Upper middle income,Armenia,ARM,86.96026882,87.32608759,87.71233023,88.10679716,88.50186436,88.89737158,89.29363509,89.69033544,90.08779116,90.48568099,90.88416297,91.28323684,91.68290056,92.08718991,92.49619669,92.9101863,93.24201,93.46288654,93.68810568,93.85240532,93.93674174,93.93674174,93.93674174
Latin America & Caribbean,High income,Aruba,ABW,98.32020997,98.25548257,98.19075516,98.12602776,98.06130035,97.99657295,97.93184555,97.86711814,97.80239074,97.73766333,97.67293593,97.60820852,97.54348112,97.54348112,97.54348112,97.54348112,97.54348112,97.54348112,97.54348112,97.54348112,97.54348112,97.54348112,97.54348112
East Asia & Pacific,High income,Australia,AUS,99.99115238,99.99115238,99.99115238,99.99115238,99.99115238,99.99115238,99.99115238,99.99115238,99.99115238,99.99115238,99.99115238,99.99115238,99.99115238,99.99115238,99.99115238,99.99115238,99.99115238,99.99115238,99.99115238,99.99115238,99.99115238,99.99115238,99.99115238
Europe & Central Asia,High income,Austria,AUT,99.9999795,99.99998905,100.0000017,99.99838136,99.99653597,99.99470228,99.99289805,99.99109996,99.98932845,99.98757174,99.98583593,99.98411501,99.98231409,99.98045764,99.97858897,99.97670597,99.97481352,99.97290685,99.97281495,99.97271057,99.97260464,99.97260464,99.97260464
Europe & Central Asia,Upper middle income,Azerbaijan,AZE,62.27634358,64.1750776,66.06597871,67.94942508,69.82522497,72.27812706,74.74571466,77.22815533,79.72526629,82.23721972,84.76531532,87.30902811,89.86794324,92.44169837,94.34201958,96.11961748,96.12181161,96.12411298,96.12652151,96.12903013,96.12903013,96.12903013,96.12903013
Middle East & North Africa,High income,Bahrain,BHR,99.92767819,99.9336607,99.9396432,99.9456257,99.9516082,99.95759071,99.96357321,99.96955571,99.97553821,99.98152071,99.98750322,99.99348572,99.99946822,100,100,100,100,100,100,100,100,100,100
South Asia,Lower middle income,Bangladesh,BGD,23.68160246,25.15466671,26.6531302,28.14527279,29.6306337,31.19445716,32.75983902,34.32547217,35.89006951,37.45237978,39.0115438,40.56613749,42.1145323,43.65543619,45.18826042,46.71185422,48.22553857,49.72841199,51.21970677,52.69870337,54.16469553,54.16469553,54.16469553
Latin America & Caribbean,High income,Barbados,BRB,88.85349022,89.35361906,89.85374789,90.35387673,90.85400556,91.3541344,91.85426323,92.35439207,92.85452091,93.35464974,93.85477858,94.35490741,94.85503625,95.35516509,95.85529392,96.35542276,96.85555159,97.2793785,97.2834998,98.09246231,98.09246231,98.09246231,98.09246231
Europe & Central Asia,Upper middle income,Belarus,BLR,91.59278501,91.56437598,91.53620147,91.50831956,92.04633542,92.59111596,93.14254929,93.7005418,94.26496502,94.83580967,95.41223121,95.99550979,96.5859193,97.18332092,97.78755989,97.80713149,97.82667485,97.84621604,97.8656717,97.88502524,97.90431818,97.90431818,97.90431818
Europe & Central Asia,High income,Belgium,BEL,99.48413028,99.48435818,99.48459754,99.48483453,99.48507207,99.48530496,99.48554043,99.48577107,99.48600881,99.48610716,99.48611012,99.48612019,99.48611998,99.48612561,99.48613062,99.48613596,99.4861443,99.4861459,99.48614999,99.48615574,99.48615647,99.48615647,99.48615647
Latin America & Caribbean,Upper middle income,Belize,BLZ,82.43798885,82.76326435,83.08856932,83.41390156,83.73926084,84.05505264,84.37042619,84.68537986,84.99991216,85.31402216,85.62770732,85.94223553,86.25785653,86.57475779,86.89304318,87.21298382,87.53477608,87.85852351,88.18441736,88.19850332,88.21427557,88.21427557,88.21427557
Sub-Saharan Africa,Lower middle income,Benin,BEN,9.197648658,9.499141213,9.818465046,10.16369102,10.51544962,10.87332224,11.23741895,11.60785016,11.98437172,12.36655358,12.75468511,13.14869727,13.5485202,13.9537179,14.36549922,14.78343215,15.20744644,15.63747225,16.07343638,16.51526543,16.96288434,16.96288434,16.96288434
North America,High income,Bermuda,BMU,99.99414291,99.98655933,99.97897576,99.97139218,99.96380861,99.95622504,99.94864146,99.94105789,99.93347431,99.92589074,99.91830717,99.91072359,99.90314002,99.90314002,99.90314002,99.90314002,99.90314002,99.90314002,99.90314002,99.90314002,99.90314002,99.90314002,99.90314002
South Asia,Lower middle income,Bhutan,BTN,46.99951716,47.35472836,49.23632532,51.08531572,52.90040429,54.66802523,56.30106347,57.90827878,59.48910521,61.06048814,62.60523955,64.12298762,65.61133964,67.07045177,68.50071447,69.90266867,71.27678484,72.62359917,73.94374505,75.23785494,76.50655402,76.50655402,76.50655402
Latin America & Caribbean,Lower middle income,Bolivia,BOL,34.85301548,35.99628542,37.12270953,38.24250317,39.35902795,40.4716573,41.5813814,43.17945511,44.80062579,46.44376636,48.10902933,49.7965629,51.50589073,53.21966433,54.94452469,56.69117865,58.45982722,60.24970578,62.06257966,63.89830649,65.75642485,65.75642485,65.75642485
Europe & Central Asia,Upper middle income,Bosnia and Herzegovina,BIH,95.07844643,95.08796411,95.09814149,95.10886091,95.12024679,95.13579027,95.15163077,95.1678957,95.18445987,95.201323,95.21848567,95.2360131,95.25390719,95.2720359,95.29053237,95.31293676,95.33614883,95.36023537,95.38506184,95.38506184,95.38506184,95.38506184,95.38506184
Sub-Saharan Africa,Upper middle income,Botswana,BWA,51.91611347,53.33123746,54.63513664,55.9306239,57.23544193,58.54846542,59.87078303,61.60233718,63.34245348,65.0869032,66.83740562,68.59231847,70.14985721,71.68014195,73.21769775,74.76206984,76.01731234,77.26922442,78.5138996,79.75168982,80.02624315,80.02624315,80.02624315
Latin America & Caribbean,Upper middle income,Brazil,BRA,73.12880132,74.03790294,74.92797969,75.81263724,76.691538,77.56479232,78.43290643,79.29597638,80.1540827,81.00652682,81.85420444,82.70058102,83.54222598,84.37851825,85.21064211,86.03796198,86.86024254,87.67795802,88.49054496,89.29879625,90.07847103,90.07847103,90.07847103
Latin America & Caribbean,High income,British Virgin Islands,VGB,96.7851984,96.79126349,96.79732858,96.80339367,96.80945876,96.81552385,96.82158894,96.82765403,96.83371912,96.83978421,96.8458493,96.85191439,96.85797948,96.85797948,96.85797948,96.85797948,96.85797948,96.85797948,96.85797948,96.85797948,96.85797948,96.85797948,96.85797948
East Asia & Pacific,High income,Brunei Darussalam,BRN,96.34904195,96.34904195,96.34904195,96.34904195,96.34904195,96.34904195,96.34904195,96.34904195,96.34904195,96.34904195,96.34904195,96.34904195,96.34904195,96.34904195,96.34904195,96.34904195,96.34904195,96.34904195,96.34904195,96.34904195,96.34904195,96.34904195,96.34904195
Europe & Central Asia,Upper middle income,Bulgaria,BGR,85.82725659,85.8354238,85.84637504,85.85723737,85.8680666,85.87880986,85.88945607,85.90004966,85.91057134,85.92100968,85.93138441,85.94166752,85.95198023,85.96232837,85.97267403,85.98304634,85.9934264,86.00383145,86.01421235,86.02459214,86.03496784,86.03496784,86.03496784
Sub-Saharan Africa,Low income,Burkina Faso,BFA,10.56728196,10.88901987,11.74181187,12.57324407,13.38412363,14.17219809,14.93825828,15.61530459,16.21813451,16.79812836,17.35592532,17.89136872,18.40395763,18.89357939,19.36044382,19.80409494,20.22442509,20.62044183,20.99241949,21.34059658,21.6643726,21.6643726,21.6643726
Sub-Saharan Africa,Low income,Burundi,BDI,45.21474211,45.42356032,45.63436584,45.84729278,45.86863535,45.88705604,45.9023902,45.91453178,45.92326435,45.92854494,45.93007051,45.92771181,45.92132836,45.91061519,45.89550768,45.87571182,45.85101814,45.82120595,45.78603939,45.74527589,45.72751068,45.72751068,45.72751068
Sub-Saharan Africa,Lower middle income,Cabo Verde,CPV,39.59298132,41.77596648,43.94140066,46.08836486,48.21759017,50.3279655,52.42051706,54.49450934,56.55092726,58.58832756,60.6050224,62.53413859,64.49677642,66.45232114,68.40053329,70.34114381,72.27341972,74.13631504,75.81517832,77.47483233,79.11569269,79.11569269,79.11569269
East Asia & Pacific,Lower middle income,Cambodia,KHM,9.841519046,12.28698503,15.01618014,17.76657571,20.53861082,23.33220447,26.14679527,28.98279548,31.85696911,34.84063238,37.84219611,40.8613316,43.89771493,46.9506025,50.02047495,53.10657357,56.20854526,59.32568468,62.45973544,65.60982804,68.76930002,68.76930002,68.76930002
Sub-Saharan Africa,Lower middle income,Cameroon,CMR,37.53361772,37.56566466,37.60110864,37.96975992,38.34106545,38.71420484,39.08989016,39.46822354,39.84931036,40.2329266,40.61949533,41.00878227,41.40088074,41.79553347,42.19281787,42.59281155,42.99559074,43.40049831,43.80832359,44.21838866,44.63112443,44.63112443,44.63112443
North America,High income,Canada,CAN,99.85639131,99.85854953,99.85906123,99.8595732,99.86008794,99.80519484,99.75033789,99.69595411,99.6414571,99.5868457,99.53213067,99.47721571,99.42171918,99.36619078,99.31064352,99.25507123,99.19947682,99.14388406,99.08828896,99.03268117,99.03286158,99.03286158,99.03286158
Latin America & Caribbean,High income,Cayman Islands,CYM,83.654025,83.654025,83.654025,83.654025,83.654025,83.654025,83.654025,83.654025,83.654025,83.654025,83.654025,83.654025,83.654025,83.654025,83.654025,83.654025,83.654025,83.654025,83.654025,83.654025,83.654025,83.654025,83.654025
Sub-Saharan Africa,Low income,Central African Republic,CAF,20.59396696,20.54728059,20.50059341,20.45360576,20.40631904,19.97214821,19.54504402,19.12489271,18.71102897,18.30308525,17.90095157,17.50401223,17.11216037,16.72504183,16.34208325,15.96318739,15.58824143,15.21648748,14.84783556,14.4819824,14.11863478,14.11863478,14.11863478
Sub-Saharan Africa,Low income,Chad,TCD,9.863647135,9.900921423,9.938444573,9.976560627,10.01510045,10.0540648,10.09345288,10.13347221,10.1737152,10.25719015,10.35163901,10.45771327,10.57634299,10.70797494,10.85331183,11.01336536,11.18890461,11.38071688,11.58993917,11.81708026,12.06370114,12.06370114,12.06370114
Europe & Central Asia,High income,Channel Islands,CHI,98.5,98.5,98.5,98.5,98.5,98.5,98.5,98.5,98.5,98.5,98.5,98.5,98.5,98.5,98.5,98.5,98.5,98.5,98.5,98.5,98.5,98.5,98.5
Latin America & Caribbean,High income,Chile,CHL,92.24384971,92.79446633,93.32384055,93.80314002,94.28066581,94.75579035,95.22913665,95.7003375,96.16973141,96.63701571,97.10223583,97.56563455,98.02700137,98.48645618,98.94398793,99.36589045,99.66651945,100.0000026,99.99999739,99.99999614,99.99999872,99.99999872,99.99999872
East Asia & Pacific,Upper middle income,China,CHN,56.99006462,57.7235437,59.84831964,61.94599857,64.01511613,66.05295978,68.04807496,70.00602318,71.93309059,73.82713823,75.68896974,77.50550515,79.28464962,81.03184692,82.74794313,84.43258668,86.08596623,87.70748822,89.29564155,90.85138344,92.37617808,92.37617808,92.37617808
Latin America & Caribbean,Upper middle income,Colombia,COL,74.79861635,75.76104919,76.72172586,77.68062347,78.63753542,79.59246238,80.54541227,81.49620788,82.44505834,83.39197703,84.33680151,85.27956604,86.22047517,87.15938051,88.09633314,89.03150088,89.96492076,90.8964834,91.82623874,92.75423558,93.68063058,93.68063058,93.68063058
Sub-Saharan Africa,Lower middle income,Comoros,COM,29.20368931,30.43603278,31.05183112,31.62012883,32.14131753,32.61810652,33.05023709,33.43744665,33.77930591,34.07573266,34.32661613,34.53138227,34.68992588,34.80212566,34.86743171,35.81526668,35.83489236,35.85662544,35.88046261,35.90667418,35.90667418,35.90667418,35.90667418
Latin America & Caribbean,Upper middle income,Costa Rica,CRI,93.70854617,93.9527397,94.18986359,94.41996299,94.64292857,94.85854551,95.06718416,95.26877447,95.46355118,95.71910936,95.96481824,96.20066518,96.42582936,96.64089437,96.84647121,97.04325062,97.23182641,97.41272848,97.58654255,97.75378868,97.91499372,97.91499372,97.91499372
Sub-Saharan Africa,Lower middle income,Cote d'Ivoire,CIV,20.96193374,21.39077937,21.81957534,22.24800514,22.6763765,23.34993485,24.0346144,24.73020814,25.43650726,26.15269194,26.87917266,27.61573563,28.36187311,29.1173798,29.88205042,30.65829619,31.44525753,32.24294843,33.05107549,33.86906503,34.5659625,34.5659625,34.5659625
Europe & Central Asia,High income,Croatia,HRV,96.15560686,96.16198119,96.18479929,96.20765931,96.23050183,96.25335121,96.27621282,96.29908104,96.32195623,96.34484368,96.36774045,96.39061679,96.41401718,96.43790702,96.46231821,96.48719709,96.51257245,96.53844301,96.54691297,96.5558337,96.56523542,96.56523542,96.56523542
Latin America & Caribbean,Upper middle income,Cuba,CUB,88.16451336,88.08530575,88.00572281,87.91769561,87.82128791,88.05445624,88.28616571,88.51641759,88.74522435,88.97246831,89.19827609,89.42263591,89.64556697,89.8629261,90.07813994,90.29241266,90.5055757,90.71869884,90.93165485,91.14421779,91.35635221,91.35635221,91.35635221
Latin America & Caribbean,High income,Curacao,CUW,98.09455136,98.16037627,98.22620117,98.29202607,98.35785098,98.42367588,98.48950079,98.55532569,98.6211506,98.6869755,98.75280041,98.81862531,98.88445021,98.95027512,98.95027512,98.95027512,98.95027512,98.95027512,98.95027512,98.95027512,98.95027512,98.95027512,98.95027512
Europe & Central Asia,High income,Cyprus,CYP,99.73974227,99.73949604,99.73964554,99.71941933,99.69899552,99.67837025,99.65755007,99.63653707,99.61531407,99.59389817,99.57227953,99.55045672,99.52843259,99.50632479,99.48416075,99.46198844,99.43985969,99.41780561,99.39585892,99.3958161,99.39596129,99.39596129,99.39596129
Europe & Central Asia,High income,Czechia,CZE,99.13971168,99.13958085,99.13936596,99.13914525,99.1389215,99.13869946,99.13847439,99.13824337,99.13800755,99.13777509,99.13753552,99.13729692,99.13691542,99.13639809,99.1358855,99.13537863,99.13478358,99.13410378,99.13391769,99.13371501,99.13349732,99.13349732,99.13349732
Europe & Central Asia,High income,Denmark,DNK,99.59724292,99.59724158,99.59723551,99.59724072,99.59723651,99.5972387,99.5972366,99.59723914,99.59723723,99.59723545,99.59723596,99.59723312,99.5972302,99.5972296,99.59723021,99.59722868,99.59722928,99.59723094,99.59722729,99.59722892,99.59722947,99.59722947,99.59722947
Middle East & North Africa,Lower middle income,Djibouti,DJI,47.05178614,47.07314498,47.09450809,47.11586765,47.13722549,48.44527964,49.74985134,51.05047447,52.34712993,53.63930921,54.93259068,56.22718309,57.52276801,58.82006458,60.11817767,61.41890482,62.72079263,64.02454328,65.33030773,66.63823909,66.72263564,66.72263564,66.72263564
Latin America & Caribbean,Upper middle income,Dominica,DMA,64.04257286,65.29825378,66.55393471,67.80961563,69.06529656,70.32097748,71.57665841,72.83233933,74.08802026,75.34370118,76.59938211,77.85506303,79.11074396,80.36642488,80.36642488,80.36642488,80.36642488,80.36642488,80.36642488,80.36642488,80.36642488,80.36642488,80.36642488
Latin America & Caribbean,Upper middle income,Dominican Republic,DOM,77.49099026,77.94007049,78.38916439,78.89024343,79.41185115,79.93067799,80.44718737,80.96103302,81.47220436,81.97973872,82.48447056,82.9735709,83.45159162,83.92709989,84.40033223,84.8714095,85.34020018,85.80633778,86.26797816,86.72522397,87.17818151,87.17818151,87.17818151
Latin America & Caribbean,Upper middle income,Ecuador,ECU,69.43400125,70.46147404,71.43326774,72.36977901,73.3012246,74.49741422,75.69374435,76.89060518,78.08760709,79.28477018,80.48226877,81.6752982,82.86619903,84.05858271,85.25232617,86.44766062,87.64436728,88.7353553,89.66716322,90.59721885,91.52492213,91.52492213,91.52492213
Latin America & Caribbean,Upper middle income,El Salvador,SLV,83.41049181,83.49710024,83.58339424,83.58438858,83.57199197,83.5460225,83.50737182,83.46405441,83.45721699,83.43746748,83.40580497,83.36305989,83.30959128,83.24572399,83.17240388,83.09007631,82.99726197,82.8941281,82.78125746,82.6592314,82.44975254,82.44975254,82.44975254
Sub-Saharan Africa,Upper middle income,Equatorial Guinea,GNQ,54.79053105,55.77696622,56.74700432,57.69923524,58.63359004,59.54837509,60.44433874,61.32078093,62.1777144,63.01431663,63.83119121,64.62837041,65.40606955,66.04694428,66.11511264,66.18252479,66.24854325,66.31278955,66.31278955,66.31278955,66.31278955,66.31278955,66.31278955
Sub-Saharan Africa,Low income,Eritrea,ERI,8.285300677,8.640479144,8.986295962,9.322086317,9.647447007,9.961535076,10.26441756,10.55507837,10.83377358,11.02204135,11.20194529,11.37353944,11.5365169,11.63626951,11.73668083,11.83791285,11.93996659,11.93996659,11.93996659,11.93996659,11.93996659,11.93996659,11.93996659
Europe & Central Asia,High income,Estonia,EST,99.72445716,99.73091625,99.73588029,99.69973904,99.64702223,99.59444182,99.54198645,99.48966598,99.43747802,99.38542238,99.33350111,99.28170608,99.22991099,99.17788105,99.12568409,99.13277102,99.13973926,99.14655389,99.14296842,99.14237975,99.14176925,99.14176925,99.14176925
Sub-Saharan Africa,Lower middle income,Eswatini,SWZ,48.42575637,48.95199331,49.68679054,50.43960919,51.21012677,51.99888652,52.8055886,53.63489496,54.5029929,55.37449728,56.2492312,57.12703767,58.00843643,58.89569588,59.78872956,60.68739041,61.5908393,62.49857785,63.40990744,64.32418954,64.29217458,64.29217458,64.29217458
Sub-Saharan Africa,Low income,Ethiopia,ETH,2.755093525,3.086617094,3.41846213,3.750183174,4.071684348,4.387345766,4.697368402,5.004006991,5.330693277,5.652562495,5.970178339,6.283374607,6.592580755,6.895076853,7.193679174,7.488374296,7.77945876,8.066773108,8.350931686,8.632097142,8.910277929,8.910277929,8.910277929
Europe & Central Asia,High income,Faroe Islands,FRO,90.88347572,90.88347572,90.88347572,90.88347572,90.88347572,90.88347572,90.88347572,90.88347572,90.88347572,90.88347572,90.88347572,90.88347572,90.88347572,90.88347572,90.88347572,90.88347572,90.88347572,90.88347572,90.88347572,90.88347572,90.88347572,90.88347572,90.88347572
East Asia & Pacific,Upper middle income,Fiji,FJI,79.61837031,79.69073824,79.76310451,80.7947771,81.81708061,82.82953529,84.15862184,85.48591483,86.82206422,88.15613107,89.48518816,90.80889062,92.12724377,93.43985322,94.74678812,96.04789263,97.3429987,98.43474132,98.79865447,99.16221577,99.16077717,99.16077717,99.16077717
Europe & Central Asia,High income,Finland,FIN,99.44822982,99.44821599,99.44819403,99.44818033,99.44816677,99.44815336,99.44813895,99.44812584,99.44810938,99.44810105,99.44806985,99.44802684,99.44799078,99.44796747,99.44796162,99.44794692,99.44793782,99.44792986,99.44792736,99.4479277,99.44792539,99.44792539,99.44792539
Europe & Central Asia,High income,France,FRA,98.66302819,98.66225479,98.66148881,98.66072591,98.65997079,98.65922614,98.65848149,98.65774119,98.65699341,98.65624424,98.65548291,98.65471549,98.65394664,98.65316717,98.65238469,98.65159618,98.65080463,98.65001007,98.64921248,98.64841485,98.64760678,98.64760678,98.64760678
East Asia & Pacific,High income,French Polynesia,PYF,98.10225119,98.04441592,97.98658065,97.92874538,97.87091011,97.81307485,97.75523958,97.69740431,97.63956904,97.58173377,97.5238985,97.46606323,97.40822796,97.35039269,97.29255742,97.23472216,97.17688689,97.11905162,97.06121635,97.00338108,97.00338108,97.00338108,97.00338108
Sub-Saharan Africa,Upper middle income,Gabon,GAB,33.98142109,34.93720783,35.90372953,36.88093022,37.86879639,38.86723592,39.87635325,40.89603678,41.92639637,42.96714449,44.0184602,45.0801942,46.15245984,47.23489917,48.32671192,48.61943464,48.91162282,49.20330829,49.49442952,49.78482573,49.82416677,49.82416677,49.82416677
Europe & Central Asia,Upper middle income,Georgia,GEO,90.57406292,90.15251383,89.74754552,89.37006205,89.10768209,88.85145545,88.60144977,88.3576749,88.12000757,87.88843959,87.66307451,87.44377249,87.23066673,87.02343291,86.82236487,86.62729018,86.43988751,86.25978022,86.08750022,85.92302303,85.76672943,85.76672943,85.76672943
Europe & Central Asia,High income,Germany,DEU,99.21811036,99.21872648,99.21934197,99.21995445,99.22056627,99.2211727,99.2217707,99.22237587,99.22296785,99.22355919,99.22414752,99.22473284,99.22476301,99.22479556,99.22482335,99.2248559,99.22492357,99.22503522,99.2251891,99.22538453,99.22561915,99.22561915,99.22561915
Sub-Saharan Africa,Lower middle income,Ghana,GHA,7.410331113,7.521132042,8.26550502,9.023517922,9.795022626,10.57934588,11.3765429,12.18625022,13.00820677,13.84182286,14.68727295,15.54396316,16.41151977,17.28945312,18.17750066,19.0754012,19.98289725,20.89962298,21.82532757,22.75965575,23.70247451,23.70247451,23.70247451
Europe & Central Asia,High income,Gibraltar,GIB,100,100,100,100,100,100,100,100,100,100,100,100,100,100,100,100,100,100,100,100,100,100,100
Europe & Central Asia,High income,Greece,GRC,97.51691469,97.62226829,97.73344374,97.8430199,97.95106289,98.0575013,98.1624048,98.26579972,98.36772214,98.46812595,98.56708707,98.66462097,98.76076873,98.85552209,98.94888815,98.97597404,98.97959915,98.98318854,98.98675045,98.99026295,98.99374813,98.99374813,98.99374813
Europe & Central Asia,High income,Greenland,GRL,99.59725821,99.59725719,99.5972545,99.59725184,99.59724919,99.5972514,99.59725012,99.59724553,99.59724429,99.5972481,99.59724187,99.59724204,99.59723856,99.59723713,99.59723691,99.59723671,99.5972382,99.59723299,99.59723705,99.59723106,99.59723347,99.59723347,99.59723347
Latin America & Caribbean,Upper middle income,Grenada,GRD,89.73011457,90.02493591,90.31554999,90.60195683,90.88415641,91.16214873,91.43593381,91.70551163,91.97088219,92.2320455,92.48900156,92.15729842,91.82559528,91.49389213,91.49389213,91.49389213,91.49389213,91.49389213,91.49389213,91.49389213,91.49389213,91.49389213,91.49389213
East Asia & Pacific,High income,Guam,GUM,88.73817244,88.8725552,89.00693795,89.14132071,89.27570346,89.41008622,89.54446898,89.67885173,89.81323449,89.94761724,90.082,90.21638276,90.35076551,90.35076551,90.35076551,90.35076551,90.35076551,90.35076551,90.35076551,90.35076551,90.35076551,90.35076551,90.35076551
Latin America & Caribbean,Upper middle income,Guatemala,GTM,61.76848485,62.17243432,62.56621524,62.94174433,63.3024606,63.65314723,63.99423164,64.32611565,64.6488813,64.96173676,65.26596018,65.56077361,65.84684641,66.12724862,66.4019023,66.67125906,66.93445822,67.1919655,67.44372128,67.68918412,67.92858108,67.92858108,67.92858108
Sub-Saharan Africa,Lower middle income,Guinea,GIN,8.776994758,9.541113182,10.30573477,11.07104259,12.00038545,12.95023864,13.92085708,14.91211545,15.92407527,16.95679908,18.01055792,19.08521315,20.18082996,21.29747033,22.43519884,23.59705342,24.7832615,25.99405695,27.22968107,28.4901292,29.77614039,29.77614039,29.77614039
Sub-Saharan Africa,Low income,Guinea-Bissau,GNB,5.197207714,5.728363225,6.265599904,6.808691741,7.357815845,7.948590562,8.550614088,9.163692,9.788122661,10.42365567,11.07119363,11.73050454,12.40195156,13.08547163,13.78144802,14.49005184,15.21120029,15.94503596,16.69198488,17.45193858,18.2250438,18.2250438,18.2250438
Latin America & Caribbean,High income,Guyana,GUY,78.81211752,79.33274119,79.85415092,80.36824606,80.79197837,81.21306415,81.63153547,82.04729576,82.4603068,82.87059904,83.27808335,83.68271081,84.10157254,84.5179622,84.93294018,85.34648711,85.75872184,85.7631015,85.76842506,85.77491899,85.78250661,85.78250661,85.78250661
Latin America & Caribbean,Lower middle income,Haiti,HTI,16.74954137,17.83749693,18.93770924,20.0496669,21.0516683,22.04753778,23.05187488,24.06453423,25.08643399,26.11670299,27.15643914,28.20566083,29.26474876,30.3333259,31.41232366,32.50172798,33.59935056,34.70445486,35.81744586,36.93852795,37.12173441,37.12173441,37.12173441
Latin America & Caribbean,Lower middle income,Honduras,HND,62.99604634,64.13237249,65.28633706,66.42720458,67.55327262,68.66369676,69.75947787,70.8404163,71.90688871,72.95858725,73.99623816,75.01956873,76.02925796,77.02496233,78.0073178,78.97595367,79.96425438,80.93837603,81.89836471,82.84438013,83.77658071,83.77658071,83.77658071
Europe & Central Asia,High income,Hungary,HUN,98.04373133,98.04295259,98.03960867,98.03628448,98.03296608,98.02914725,98.02482427,98.02053865,98.01628803,98.01207815,98.00840121,98.00476169,98.00215444,97.99991146,97.99767905,97.99545721,97.99318156,97.99087585,97.98852121,97.98613393,97.9837035,97.9837035,97.9837035
Europe & Central Asia,High income,Iceland,ISL,98.79800321,98.79717861,98.79637022,98.79494739,98.79332212,98.79172859,98.79014722,98.78859984,98.78707428,98.78557325,98.78475502,98.78458326,98.78441444,98.78398929,98.78354774,98.7831192,98.78266407,98.78216487,98.78164877,98.78110168,98.78054272,98.78054272,98.78054272
South Asia,Lower middle income,India,IND,15.01486729,17.59397441,20.29384353,23.00884296,25.73910389,28.4835452,31.24230559,34.01546073,36.80268608,39.60301534,42.41651879,45.24319673,48.08510146,50.94117568,53.81088813,56.69339984,59.58787271,62.49361923,65.40956223,68.33481002,71.26847596,71.26847596,71.26847596
East Asia & Pacific,Upper middle income,Indonesia,IDN,38.04210289,40.22929892,42.44925601,44.70051344,46.9825976,49.29277182,51.63089589,53.99525073,56.38531405,58.79885691,61.23020925,63.65928867,66.11190851,68.58672819,71.08355243,73.60086085,76.13784121,78.69303054,81.2661059,83.85609129,86.462642,86.462642,86.462642
Middle East & North Africa,Upper middle income,Iraq,IRQ,69.90982258,70.58556063,71.25975606,71.93242217,72.60355033,74.37093195,76.15356449,77.95172542,79.76518663,81.59378097,83.44639184,85.31760892,87.20149465,89.09794589,91.00692109,92.92828447,94.86248468,96.80906937,98.48447542,99.47363683,99.96973686,99.96973686,99.96973686
Europe & Central Asia,High income,Ireland,IRL,89.5289249,89.63282179,89.7361234,89.83806399,89.93954287,90.04068723,90.14197172,90.24529045,90.34834503,90.45109087,90.55357862,90.65576339,90.75764361,90.85927144,90.96059613,91.0616666,91.16238968,91.26227725,91.36120557,91.34960826,91.33736508,91.33736508,91.33736508
Middle East & North Africa,High income,Israel,ISR,99.99999692,100.000003,100,99.99999611,100.0000038,99.99999813,99.99999817,99.99999822,100.0000017,100.0000008,100.0000017,99.99442738,99.9889434,99.98356473,99.97828522,99.97311684,99.96805524,99.96311773,99.95829607,99.95359852,99.94903563,99.94903563,99.94903563
Europe & Central Asia,High income,Italy,ITA,99.88593055,99.88591502,99.88589826,99.88587425,99.8858536,99.88582641,99.8858026,99.88577878,99.88575828,99.88573136,99.88570754,99.88568393,99.88563549,99.88557595,99.88551682,99.8854609,99.88539916,99.88534404,99.88528149,99.88521813,99.8851602,99.8851602,99.8851602
Latin America & Caribbean,Upper middle income,Jamaica,JAM,82.72092608,82.82578122,82.92912518,83.03157627,83.27473463,83.51652315,83.75695613,83.99602578,84.23371017,84.47002427,84.7049499,84.93844534,85.169952,85.39915542,85.62576588,85.84954834,86.07016642,86.28739247,86.49974124,86.63160182,86.60642453,86.60642453,86.60642453
East Asia & Pacific,High income,Japan,JPN,100,100,99.99757862,99.9933667,99.98915478,99.98494285,99.98073093,99.97651901,99.97230708,99.96809516,99.96388324,99.95967131,99.95545939,99.95124747,99.94703554,99.94282362,99.9386117,99.93439977,99.93018785,99.92597593,99.921764,99.921764,99.921764
Middle East & North Africa,Lower middle income,Jordan,JOR,98.67605741,98.58287695,98.48976187,98.39671048,98.30371862,98.21970903,98.14042588,98.06286959,97.98687074,97.91216298,97.83863508,97.76610551,97.69444101,97.62343629,97.55303393,97.47418679,97.39568638,97.31747927,97.23952649,97.16183197,97.08435633,97.08435633,97.08435633
Europe & Central Asia,Upper middle income,Kazakhstan,KAZ,96.80301768,96.80272862,96.86236612,96.92186583,96.98121839,97.05065071,97.11995854,97.18912669,97.25816719,97.32707708,97.39586892,97.46451825,97.53303397,97.60142157,97.66970052,97.7378244,97.8058174,97.8737016,97.87189539,97.86969334,97.8671202,97.8671202,97.8671202
Sub-Saharan Africa,Lower middle income,Kenya,KEN,30.55908745,30.82303724,30.94551279,31.06556879,31.1831621,31.29814186,31.41057218,31.52040505,31.62759601,31.73199465,31.83365481,31.932772,32.02923088,32.12306456,32.21411259,32.30235103,32.38771068,32.47011972,32.54954127,32.62581333,32.69894486,32.69894486,32.69894486
East Asia & Pacific,Lower middle income,Kiribati,KIR,32.18528144,33.16333833,34.01346546,34.86373455,35.71389167,36.56369452,37.52421935,38.56708196,39.26597406,39.93989886,40.58872946,41.21209552,41.80962593,42.38021216,42.92411846,43.44083363,43.92770801,44.38428061,44.81107834,45.20830694,45.57596312,45.57596312,45.57596312
Middle East & North Africa,High income,Kuwait,KWT,100,100,100,100,100,100,100,100,100,100,100,100,100,100,100,100,100,100,100,100,100,100,100
Europe & Central Asia,Lower middle income,Kyrgyz Republic,KGZ,92.29961873,92.29962357,92.56701714,92.83442795,93.10183725,93.46720023,93.83309307,94.19954178,94.56653149,94.93404208,95.30140189,95.66837756,96.03471449,96.40026521,96.76477266,97.12802336,97.43364642,97.54907448,97.66372821,97.77771305,97.89104384,97.89104384,97.89104384
East Asia & Pacific,Lower middle income,Lao PDR,LAO,28.23462641,31.24207124,34.23931015,37.22316824,40.1937436,43.08678372,45.79508095,48.48948125,51.17145342,53.83961025,56.49502412,59.13796707,61.7690765,64.3871616,66.99365266,69.5664712,72.12695343,74.67387955,77.20711375,79.2961718,79.48011751,79.48011751,79.48011751
Europe & Central Asia,High income,Latvia,LVA,87.53536197,87.5095709,87.92898506,88.2626511,88.54481655,88.82417573,89.07558615,89.31974926,89.56348923,89.81440324,90.07175592,90.3274281,90.58125758,90.83323645,91.08324077,91.51933202,91.95677729,92.39535939,92.40346031,92.41312875,92.42436928,92.42436928,92.42436928
Middle East & North Africa,Lower middle income,Lebanon,LBN,76.92372952,76.92372952,76.92372952,78.23290783,79.54208615,80.85126446,82.16044277,83.46962108,84.7787994,86.08797771,87.39715602,88.70633434,90.01551265,91.32469096,92.63386927,93.94304759,95.2522259,96.56140421,97.87058253,99.06737938,99.2,99.2,99.2
Sub-Saharan Africa,Lower middle income,Lesotho,LSO,8.050812827,10.4138868,12.76715555,15.06599034,17.34001752,19.58856916,21.81184839,24.0010776,26.16652214,28.30787707,30.42530372,32.51865842,34.5834314,36.62644023,38.64773109,40.64730725,42.62515375,44.58129474,46.51559351,48.42792417,50.31807569,50.31807569,50.31807569
Sub-Saharan Africa,Low income,Liberia,LBR,13.17063427,13.52759682,13.88783188,14.2509237,14.61709797,14.98613608,15.21515877,15.43948847,15.65875523,15.87533316,16.08907782,16.30006099,16.50766421,16.71216861,16.9129365,17.11000494,17.30317359,17.49178368,17.6760717,18.05615325,18.16357204,18.16357204,18.16357204
Middle East & North Africa,Upper middle income,Libya,LBY,90.30506861,90.41988321,90.53469781,90.64951241,90.76432701,90.87914161,90.9939562,91.1087708,91.2235854,91.3384,91.4532146,91.5680292,91.6828438,91.79765839,91.91247299,92.02728759,92.10428565,92.10514499,92.10600221,92.10600221,92.10600221,92.10600221,92.10600221
Europe & Central Asia,High income,Liechtenstein,LIE,99.95,99.95,99.95,99.95,99.95,99.95,99.95,99.95,99.95,99.95,99.95,99.95,99.95,99.95,99.95,99.95,99.95,99.95,99.95,99.95,99.95,99.95,99.95
Europe & Central Asia,High income,Lithuania,LTU,84.31544436,84.82603095,85.33178043,85.83907547,86.34791203,86.87619487,87.42232109,87.96724042,88.51095665,89.03884645,89.55251734,90.07956058,90.62971066,91.17761712,91.72344943,92.2672109,92.81072512,93.35363524,93.89547291,93.91542258,93.93707198,93.93707198,93.93707198
Europe & Central Asia,High income,Luxembourg,LUX,97.711365,97.70216569,97.69530769,97.68866234,97.6814347,97.6741062,97.66694774,97.65996531,97.65313236,97.64649751,97.64000762,97.63368449,97.62759044,97.62175369,97.61614165,97.61073779,97.60554221,97.60054273,97.59732717,97.59426352,97.59134711,97.59134711,97.59134711
Sub-Saharan Africa,Low income,Madagascar,MDG,4.191842995,4.614262489,5.037689823,5.43663344,5.832393029,6.251369389,6.6685501,7.083886375,7.497579574,7.909237326,8.319053144,8.726966182,9.132998803,9.537082633,9.939330136,10.3395749,10.73792899,11.13431368,11.52874444,11.92103598,12.31140011,12.31140011,12.31140011
Sub-Saharan Africa,Low income,Malawi,MWI,21.17218965,21.43518954,21.6983115,21.96167525,22.22515683,22.48887127,22.75270046,23.01675675,23.28092129,23.54652786,23.81352108,24.08195373,24.35165943,24.62279018,24.89507416,25.16876246,25.44348022,25.71947038,25.9966614,26.27488529,26.55426445,26.55426445,26.55426445
East Asia & Pacific,Upper middle income,Malaysia,MYS,96.80332141,97.02487762,97.24235435,97.45584976,97.66541817,97.87101237,98.07278888,98.2707793,98.4650687,98.65564463,98.84265205,99.02391515,99.20196433,99.37726706,99.54990658,99.5574325,99.5648503,99.57202996,99.57900442,99.57900442,99.57900442,99.57900442,99.57900442
South Asia,Upper middle income,Maldives,MDV,74.85341334,76.26215283,77.65151155,79.01984821,80.3664464,81.68922904,82.94542158,84.07260114,85.33349151,86.58907647,87.83942058,89.0844301,90.32412314,91.55806789,92.78649399,93.97349229,95.06128912,96.13976163,97.20885225,98.26842581,99.15533568,99.15533568,99.15533568
Sub-Saharan Africa,Low income,Mali,MLI,15.72119531,16.95234779,18.21557857,19.50971363,20.834607,22.18828766,23.5713536,24.982076,26.42048985,27.88463013,29.37283026,30.88418517,32.41780818,33.9728243,35.54860433,37.14408722,38.7586803,40.39179278,42.04244608,43.71028764,45.39420987,45.39420987,45.39420987
Middle East & North Africa,High income,Malta,MLT,99.96536539,99.96526203,99.96515775,99.96506405,99.96497332,99.96488642,99.96483147,99.96480082,99.96477802,99.9647487,99.96471978,99.96469712,99.96467178,99.96464806,99.9646212,99.96459475,99.96456869,99.9645422,99.96451963,99.96449445,99.96447143,99.96447143,99.96447143
East Asia & Pacific,Upper middle income,Marshall Islands,MHL,79.74642605,79.74642605,79.90122892,80.05453397,80.20633731,80.3563438,80.62508053,80.89391761,81.16342789,81.43267315,81.70223477,81.97206761,82.24059636,82.50711996,82.77221623,83.03549089,83.29721276,83.55699948,83.81543267,84.02750054,84.15036532,84.15036532,84.15036532
Sub-Saharan Africa,Lower middle income,Mauritania,MRT,17.44030145,18.49010861,19.64507309,20.81407705,21.9972687,23.19386398,24.90800454,26.68854767,28.53779306,30.4554592,32.44483189,34.50740964,36.64462741,38.85690745,41.14197108,43.4998707,45.93043191,48.43548848,48.90936787,49.37598772,49.83422278,49.83422278,49.83422278
Sub-Saharan Africa,Upper middle income,Mauritius,MUS,90.07934118,90.48839912,90.89882478,91.31066949,91.72392804,92.13863784,92.55474525,92.9723052,93.39127526,93.81170131,94.23356516,94.65687095,95.08161235,95.50782405,95.506954,95.50608397,95.50537854,95.50483772,95.50483772,95.50483772,95.50483772,95.50483772,95.50483772
Latin America & Caribbean,Upper middle income,Mexico,MEX,77.0982603,77.9543609,78.79972131,79.6345608,80.45935571,81.27377788,82.07830717,82.87293106,83.65830449,84.43419231,85.20102819,85.95971004,86.70980432,87.45178303,88.18573213,88.91148404,89.62944687,90.33947554,91.04184497,91.73666093,92.42406261,92.42406261,92.42406261
Europe & Central Asia,Upper middle income,Moldova,MDA,73.94907598,74.41471806,74.88599211,75.36289962,75.33238565,75.34223729,75.38856186,75.4264333,75.45583594,75.47676207,75.48919234,75.49312798,75.48855,75.47544745,75.45381713,75.99028651,76.53136409,77.07621106,77.62450601,78.17559111,78.72914055,78.72914055,78.72914055
Europe & Central Asia,High income,Monaco,MCO,100,100,100,100,100,100,100,100,100,100,100,100,100,100,100,100,100,100,100,100,100,100,100
East Asia & Pacific,Lower middle income,Mongolia,MNG,45.00969576,45.67258287,46.32171232,46.95686335,48.32160045,49.6859152,51.05047359,52.41396684,53.77576806,55.13338163,56.48816437,57.66316248,58.74526829,59.83626761,60.93582181,62.04446468,63.16185335,64.28767152,65.42635694,66.57753112,67.74079142,67.74079142,67.74079142
Europe & Central Asia,Upper middle income,Montenegro,MNE,90.64151628,90.64151628,90.64151628,90.64151628,90.64151628,90.64151628,90.64151628,91.17759297,91.71583772,92.25610673,92.79849378,93.34305212,93.88978737,94.4387546,94.98996396,95.54342072,96.09907721,96.6569966,97.21424466,97.50229752,97.77177272,97.77177272,97.77177272
Middle East & North Africa,Lower middle income,Morocco,MAR,67.75565155,68.53438479,69.72915603,70.94093068,72.1705624,73.17732429,74.12862857,75.07866135,76.02704441,76.97343084,77.91863276,78.86171012,79.80289214,80.74184444,81.67878265,82.61338627,83.54587203,84.47590911,85.40346662,86.32823398,87.25043077,87.25043077,87.25043077
Sub-Saharan Africa,Low income,Mozambique,MOZ,9.142687042,10.29840468,11.48485541,12.68747825,13.90650303,15.14154304,16.39316539,17.6603288,19.03875625,20.44521807,21.8723446,23.31929245,24.78588451,26.27194172,27.77727396,29.30170153,30.84502424,32.40667838,33.98682894,35.58641252,37.20486798,37.20486798,37.20486798
East Asia & Pacific,Lower middle income,Myanmar,MMR,63.45987506,64.01387482,64.56597119,65.11635687,65.66502611,66.21195386,66.75694504,67.3001759,67.84163776,68.33691966,68.82981834,69.31997793,69.80753111,70.29231777,70.77458522,71.25586982,71.73594034,72.21441796,72.69104449,73.16531897,73.63687714,73.63687714,73.63687714
Sub-Saharan Africa,Upper middle income,Namibia,NAM,28.05521696,28.34985834,28.7898126,29.24864268,29.69820944,30.13607823,30.56328189,30.9787329,31.3826018,31.77231819,32.15005256,32.51370875,32.87361793,33.21906002,33.5498926,33.86496778,34.1586709,34.43010792,34.67974848,34.96077645,35.25996865,35.25996865,35.25996865
East Asia & Pacific,High income,Nauru,NRU,65.70205293,65.69385859,65.68566424,65.67746989,65.66927555,65.6610812,65.65288685,65.64469251,65.63649816,65.62830381,65.62010947,65.61191512,65.60372077,65.59552643,65.59552643,65.59552643,65.59552643,65.59552643,65.59552643,65.59552643,65.59552643,65.59552643,65.59552643
South Asia,Lower middle income,Nepal,NPL,13.96430392,16.51268824,19.07652325,21.70987586,24.41227303,27.18323551,30.02227101,32.92902629,35.90281152,38.94309721,42.04934033,45.22110218,48.45818165,51.75956388,55.12481064,58.55299193,62.04347513,65.59537501,69.2078923,72.88013018,76.61121355,76.61121355,76.61121355
Europe & Central Asia,High income,Netherlands,NLD,98.05671606,98.0318005,98.00094615,97.97142194,97.94322113,97.91639707,97.89222389,97.8705235,97.84978272,97.82850173,97.80818693,97.79029518,97.77327196,97.75889112,97.74680946,97.73520599,97.72411571,97.71350401,97.70362132,97.6943826,97.68577085,97.68577085,97.68577085
East Asia & Pacific,High income,New Caledonia,NCL,100,100,100,100,100,100,100,100,100,100,100,100,100,100,100,100,100,100,100,100,100,100,100
East Asia & Pacific,High income,New Zealand,NZL,100,99.99999844,100,100,99.9999985,100,100.0000015,100,100.0000014,100,100,100.0000028,100.0000014,99.99999865,100.0000027,99.99999735,100.0000013,99.9999974,99.99999614,99.99999745,100.0000013,100.0000013,100.0000013
Latin America & Caribbean,Lower middle income,Nicaragua,NIC,57.07290349,58.05936717,59.04451172,60.02859587,61.01162027,61.99456123,62.98700586,63.9778125,64.96745909,65.95547594,66.9420976,67.92732563,68.91116078,69.89360137,70.87443679,71.85388386,72.83194574,72.87482222,72.92057175,72.96939836,73.02109747,73.02109747,73.02109747
Sub-Saharan Africa,Low income,Niger,NER,5.299462217,5.835693997,6.354907678,6.874286723,7.39361138,7.901511602,8.401596097,8.8936197,9.377293422,9.853170088,10.32097412,10.78038007,11.23201288,11.67555994,12.11638501,12.55582982,12.99383525,13.43185924,13.86985027,14.30938558,14.75130566,14.75130566,14.75130566
Sub-Saharan Africa,Lower middle income,Nigeria,NGA,28.64895969,28.71486428,29.28262569,29.86713774,30.4689215,31.08842573,31.72621811,32.38283617,33.05882638,33.75440047,34.4702898,35.2058112,35.96118435,36.73638446,37.53156546,38.34687431,39.18201097,40.0373347,40.91261014,41.80768804,42.72256141,42.72256141,42.72256141
Europe & Central Asia,Upper middle income,North Macedonia,MKD,88.57359385,88.54914352,88.52469036,88.50024209,88.47567458,89.06715431,89.66609586,90.27205489,90.88457697,91.50330383,92.12766092,92.7572618,93.39152889,94.03005435,94.67232729,95.3177143,95.96583261,96.61610506,97.23607252,97.78245516,98.32787804,98.32787804,98.32787804
East Asia & Pacific,High income,Northern Mariana Islands,MNP,75.31267835,75.52399155,75.73530476,75.94661797,76.15793117,76.36924438,76.58055758,76.79187079,77.003184,77.2144972,77.42581041,77.63712361,77.84843682,78.05975003,78.27106323,78.48237644,78.69368964,78.90500285,79.11631606,79.11631606,79.11631606,79.11631606,79.11631606
Europe & Central Asia,High income,Norway,NOR,98.07194266,98.07086336,98.06979837,98.06875062,98.06780561,98.06697241,98.06615,98.06529547,98.06441949,98.06355252,98.06269646,98.06163379,98.06037799,98.05913964,98.05792749,98.05672816,98.05554842,98.05438812,98.05325263,98.05215533,98.05107359,98.05107359,98.05107359
Middle East & North Africa,High income,Oman,OMN,89.15584271,89.15278641,89.91162545,90.67089023,91.47156323,92.29376599,93.10327799,93.9002148,94.68478184,95.45707441,96.21748284,96.989587,97.75339898,98.48641657,99.04546027,99.31900838,99.31929617,99.31956404,99.31980768,99.3200387,99.32024218,99.32024218,99.32024218
South Asia,Lower middle income,Pakistan,PAK,29.64955438,31.68770578,33.71987605,35.74505344,37.76367473,39.77526323,41.78473453,43.77924567,45.75850584,47.72264407,49.67213148,51.60705916,53.52751508,55.43297181,57.32418733,59.20125322,61.06426149,62.91304935,64.75166491,66.57990296,68.39731114,68.39731114,68.39731114
East Asia & Pacific,Upper middle income,Palau,PLW,91.45752795,91.89641047,92.33943171,92.78661938,93.36356019,93.92525544,94.47236888,95.00500677,95.52368132,96.0284458,96.51980592,96.99795702,97.46341639,97.91629957,98.35707328,98.78607408,99.20342269,99.60980379,99.61449459,99.61897785,99.62327456,99.62327456,99.62327456
Latin America & Caribbean,High income,Panama,PAN,62.36763127,63.09663487,64.17116249,65.2513523,66.33693881,67.42793677,68.52436688,69.62595556,70.73329502,71.84610766,72.96413685,74.09021401,75.22406787,76.36571716,77.51545202,78.67273411,79.83758375,81.01029843,82.19061536,83.37854998,84.57385023,84.57385023,84.57385023
East Asia & Pacific,Lower middle income,Papua New Guinea,PNG,18.14209998,18.13216645,18.12404019,18.11591247,18.10733365,18.21430459,18.32150456,18.42893559,18.53659612,18.58364543,18.62994303,18.67508233,18.71987734,18.76937454,18.82327575,18.8812855,18.94311078,19.00846028,19.0774038,19.14928738,19.22383321,19.22383321,19.22383321
Latin America & Caribbean,Upper middle income,Paraguay,PRY,70.37033154,71.68733529,72.97801975,74.17553235,75.34831633,76.51140685,77.66457888,78.80789966,79.9416649,81.06568674,82.18003263,83.28476857,84.38013804,85.46081325,86.53108842,87.59312692,88.64711913,89.69285635,90.73172627,91.77642662,92.7207854,92.7207854,92.7207854
Latin America & Caribbean,Upper middle income,Peru,PER,63.25045105,64.13971934,65.01766968,65.88490593,66.74113565,67.58611784,68.42083539,69.24466234,70.01029506,70.74857555,71.48246071,72.21128891,72.93578293,73.65533795,74.37032987,75.08109976,75.78709672,76.4886635,77.18766036,77.8836449,78.57670211,78.57670211,78.57670211
East Asia & Pacific,Lower middle income,Philippines,PHL,61.05083686,61.45606929,61.86207854,62.26886336,62.67642589,63.08476508,63.49388054,64.72975559,65.98141978,67.24905618,68.53787476,69.86620672,71.20451811,72.5527742,73.91067261,75.27825227,76.65530655,78.04232901,79.43866535,80.8435005,82.25604781,82.25604781,82.25604781
Europe & Central Asia,High income,Poland,POL,88.52340938,89.21190797,89.89654212,90.56120973,91.22814844,91.89750837,92.56939901,93.24359261,93.92012283,94.59916956,95.28064064,95.9645347,96.6502305,97.33868482,98.02982024,98.72369005,99.420295,99.83739707,99.99796232,100,100.0000026,100.0000026,100.0000026
Europe & Central Asia,High income,Portugal,PRT,97.31620146,97.47384714,97.62871773,97.78136711,97.93180039,98.07995875,98.22594022,98.36970714,98.51128624,98.65066115,98.78788005,98.92294818,99.05587542,99.18668647,99.31540498,99.44206833,99.56670373,99.60892549,99.60731412,99.60572242,99.60414613,99.60414613,99.60414613
Latin America & Caribbean,High income,Puerto Rico,PRI,97.6257622,97.8050784,97.9843946,98.16371079,98.34302699,98.52234319,98.70165939,98.88097558,99.06029178,99.23960798,99.41892418,99.59824038,99.77755657,99.95687277,100,100,100,100,100,100,100,100,100
Middle East & North Africa,High income,Qatar,QAT,100,100,100,100,100,100,100,100,100,100,100,100,100,100,100,100,100,100,100,100,100,100,100
Europe & Central Asia,High income,Romania,ROU,74.67566839,74.67566839,74.64829061,74.6984873,74.74830125,74.79811752,75.64993108,76.49880681,77.34474514,78.18774598,79.02781075,79.86493428,80.66381386,81.44756032,82.23213477,83.02397626,83.82278949,84.62696211,85.43642436,86.2498554,87.06644493,87.06644493,87.06644493
Europe & Central Asia,Upper middle income,Russian Federation,RUS,84.37950462,84.61264983,84.84550472,85.09058186,85.3394716,85.58783642,85.83567428,86.0829788,86.32975672,86.57570858,86.82143109,87.06662672,87.31515681,87.56649553,87.82094818,88.0777358,88.3368735,88.59811986,88.86099167,89.12524936,89.3906766,89.3906766,89.3906766
Sub-Saharan Africa,Low income,Rwanda,RWA,45.4409486,46.91962227,48.35939175,49.63410351,50.88290204,52.12604836,53.36361874,54.59544137,55.82161494,57.04213804,58.25698522,59.46618137,60.66965659,61.86752513,63.05800897,64.23988341,65.41229063,66.57384221,67.72336771,68.8599242,68.83344246,68.83344246,68.83344246
East Asia & Pacific,Lower middle income,Samoa,WSM,94.49543567,94.49558496,94.49537576,94.49496952,94.49456664,94.65229419,94.81066145,94.96966461,95.12927888,95.28949533,95.45031957,95.61173164,95.77386334,95.93668844,96.10013528,96.26421437,96.42890313,96.59415938,96.75969164,96.76295103,96.76586368,96.76586368,96.76586368
Europe & Central Asia,High income,San Marino,SMR,100,100,100,100,100,100,100,100,100,100,100,100,100,100,100,100,100,100,100,100,100,100,100
Sub-Saharan Africa,Lower middle income,Sao Tome and Principe,STP,20.32894473,21.52651696,22.75905042,24.00019129,25.24460356,26.60423738,27.97360052,29.35186663,30.73822467,32.13130282,33.53090005,34.93598114,36.34609205,37.7562394,39.1667102,40.57700614,41.9869465,43.39640287,44.80527366,46.21350475,47.62107761,47.62107761,47.62107761
Middle East & North Africa,High income,Saudi Arabia,SAU,98.43539569,98.43539569,98.43539569,98.53693524,98.6384748,98.74001436,98.84155391,98.94309347,99.04463302,99.14617258,99.24771213,99.34925169,99.45079124,99.5523308,99.65387036,99.75540991,99.85694947,99.95848902,100,100,100,100,100
Sub-Saharan Africa,Lower middle income,Senegal,SEN,37.47144878,38.41744037,39.323354,40.28633844,41.29097525,42.29153813,43.28859631,44.28160372,45.2703897,46.25445302,47.23428564,48.20937582,49.17925053,50.14405442,51.10360838,52.05989935,53.01224707,53.96076061,54.90449848,55.84328428,56.77646012,56.77646012,56.77646012
Europe & Central Asia,Upper middle income,Serbia,SRB,95.43264946,95.42938535,95.42648881,95.4239345,95.42179776,95.6056111,95.78976362,95.97428539,96.15912291,96.34430839,96.5298024,96.71568697,96.89927109,97.08213107,97.26518815,97.44838885,97.63179326,97.8160395,97.89639382,97.89702613,97.89866471,97.89866471,97.89866471
Sub-Saharan Africa,High income,Seychelles,SYC,94.13770987,94.56256666,94.98742344,95.41228022,95.83713701,96.26199379,96.68685057,97.11170736,97.53656414,97.96142093,98.38627771,98.81113449,99.23599128,99.57709979,100,100,100,100,100,100,100,100,100
Sub-Saharan Africa,Low income,Sierra Leone,SLE,10.24015047,10.53677337,10.83415272,11.13229064,11.42058385,11.72320341,12.03696175,12.3518137,12.66767372,12.98428962,13.30157701,13.61961459,13.93831551,14.25726371,14.5767002,14.89637314,15.21635487,15.53766011,15.86048135,16.18453117,16.50967615,16.50967615,16.50967615
East Asia & Pacific,High income,Singapore,SGP,100,100,100,100,100,100,100,100,100,100,100,100,100,100,100,100,100,100,100,100,100,100,100
Latin America & Caribbean,High income,Sint Maarten (Dutch part),SXM,98.38442361,98.41493153,98.44543945,98.47594737,98.50645529,98.53696321,98.56747113,98.59797905,98.62848697,98.65899488,98.6895028,98.72001072,98.75051864,98.78102656,98.78102656,98.78102656,98.78102656,98.78102656,98.78102656,98.78102656,98.78102656,98.78102656,98.78102656
Europe & Central Asia,High income,Slovak Republic,SVK,99.82495059,99.83239398,99.83485674,99.66091614,99.46972414,99.27787377,99.08535569,98.89217435,98.69834246,98.50383562,98.3065413,98.10826254,97.91150438,97.71412592,97.51612712,97.52082715,97.52625411,97.53239977,97.53177272,97.53184793,97.53262546,97.53262546,97.53262546
Europe & Central Asia,High income,Slovenia,SVN,97.94936548,97.94936548,97.94936548,97.94936548,97.94936548,97.95876738,97.96816928,97.97757118,97.98697307,97.99637497,98.00577687,98.01517877,98.02458067,98.03398256,98.04338446,98.05278636,98.06218826,98.07159016,98.08099205,98.09039395,98.09979585,98.09979585,98.09979585
East Asia & Pacific,Lower middle income,Solomon Islands,SLB,20.43499712,20.62503916,20.81900188,21.01688203,21.21867987,22.13309494,23.0582501,23.99434085,24.94207799,25.9006182,26.87066873,27.84860078,28.83499128,29.82932509,30.83105858,31.84076856,32.75394007,33.52835448,34.22832548,34.49241301,34.75592548,34.75592548,34.75592548
Sub-Saharan Africa,Low income,Somalia,SOM,20.17331625,20.77613832,21.37847561,22.1313671,22.88429845,23.86521744,24.86311276,24.5603919,25.90049045,27.25764738,28.63190514,30.01958148,31.00427518,32.00098631,33.01001124,34.03125899,35.06461277,36.10926412,37.16507321,38.23090498,39.30661638,39.30661638,39.30661638
Sub-Saharan Africa,Upper middle income,South Africa,ZAF,58.75685944,59.80786467,60.86774201,61.92526548,62.97493217,64.01580626,65.04813012,66.07165911,67.08632138,68.0912245,69.08668367,70.07234949,71.04814234,72.01358167,72.96880358,73.9135389,74.84761764,75.77086841,76.68318836,77.58447964,78.47461071,78.47461071,78.47461071
Sub-Saharan Africa,Low income,South Sudan,SSD,6.868187022,6.868187022,6.868187022,6.868187022,6.868187022,6.868187022,6.868187022,6.868187022,6.868187022,6.868187022,6.868187022,6.868187022,7.802378214,8.783811644,9.813755402,10.89399652,12.02580994,13.21072473,14.45063554,15.74727802,15.84481734,15.84481734,15.84481734
Europe & Central Asia,High income,Spain,ESP,99.90186871,99.90222486,99.90246155,99.90262867,99.90279838,99.9029617,99.90313311,99.9032939,99.90346047,99.90362212,99.90378733,99.90394867,99.90411152,99.9042649,99.904384,99.90433049,99.90428432,99.90423092,99.90394689,99.90365719,99.90336421,99.90336421,99.90336421
South Asia,Lower middle income,Sri Lanka,LKA,76.69571922,77.60118838,78.51101935,79.42517618,80.34367761,81.26654267,82.19374352,83.12530943,84.06120881,85.00146421,85.94608387,86.89504756,87.84836699,88.80582519,89.76742397,90.73319491,91.70315408,92.677305,93.6556322,93.65439649,93.65293491,93.65293491,93.65293491
Latin America & Caribbean,High income,St. Kitts and Nevis,KNA,86.45086338,87.10491962,87.75897586,88.4130321,89.06708835,89.72114459,90.37520083,91.02925707,91.68331331,92.33736955,92.99142579,93.64548203,94.29953828,94.95359452,94.95359452,94.95359452,94.95359452,94.95359452,94.95359452,94.95359452,94.95359452,94.95359452,94.95359452
Latin America & Caribbean,Upper middle income,St. Lucia,LCA,84.97445992,84.98031678,85.0025865,85.02425066,84.83124521,84.63842525,84.44639319,84.25554868,84.06634407,83.87897171,83.68751104,83.4554355,83.21779251,82.97381845,82.72336643,82.91353758,83.10351791,83.25699604,83.375995,83.37231796,83.36810833,83.36810833,83.36810833
Latin America & Caribbean,High income,St. Martin (French part),MAF,99.0685119,99.0685119,99.0685119,99.0685119,99.0685119,99.1363178,99.2041237,99.2719296,99.3397355,99.4075414,99.47534731,99.54315321,99.61095911,99.67876501,99.74657091,99.81437681,99.88218272,99.94998862,100,100,100,100,100
Latin America & Caribbean,Upper middle income,St. Vincent and the Grenadines,VCT,70.82977766,71.99796103,73.16614441,74.33432778,75.50251116,76.67069453,77.83887791,79.00706128,80.17524465,81.34342803,82.5116114,83.67979478,84.84797815,86.01616153,87.1843449,87.1843449,87.1843449,87.1843449,87.1843449,87.1843449,87.1843449,87.1843449,87.1843449
Sub-Saharan Africa,Low income,Sudan,SDN,20.59194255,20.60757197,20.62319942,20.63882775,20.65445722,21.851755,23.04947143,24.32960216,25.61760468,26.92019313,28.2380466,29.57154861,30.92075809,32.2863937,33.668519,35.06823567,36.48562577,36.57503214,36.67269614,36.77826091,36.89208291,36.89208291,36.89208291
Latin America & Caribbean,Upper middle income,Suriname,SUR,78.02613017,78.34981361,78.67248062,78.99356451,79.31336202,79.94543214,80.57861282,81.21582757,81.85734831,82.50341408,83.1536007,83.80814755,84.467081,85.13041704,85.80110306,86.47885398,87.1630069,87.85308627,88.54872177,89.24914322,89.95421143,89.95421143,89.95421143
Europe & Central Asia,High income,Sweden,SWE,98.91873585,98.94289624,98.96707046,98.99117097,99.01518622,99.03911816,99.06304979,99.08687401,99.11049611,99.13391823,99.15713644,99.18000931,99.20237552,99.2243482,99.24592852,99.26713116,99.27900746,99.28966239,99.28848273,99.28733736,99.2862251,99.2862251,99.2862251
Europe & Central Asia,High income,Switzerland,CHE,99.88096993,99.88096595,99.88098613,99.88100125,99.88102071,99.88103755,99.88106096,99.8810778,99.88109307,99.88111087,99.88113094,99.88400443,99.88687173,99.88973388,99.89259473,99.89544487,99.89829607,99.89987358,99.89987362,99.89987367,99.89987655,99.89987655,99.89987655
Middle East & North Africa,Low income,Syrian Arab Republic,SYR,90.43768443,90.61801884,90.79653744,90.97306051,91.14777144,91.0882877,91.02442426,90.95633527,90.88388403,90.80703479,90.7259759,90.57767283,90.43993583,90.31297485,90.19673733,90.13175702,90.05918385,89.9790253,89.89132051,89.79611461,89.69347966,89.69347966,89.69347966
Europe & Central Asia,Lower middle income,Tajikistan,TJK,89.90724603,90.22557487,90.543897,90.86220029,91.23122178,91.60073147,91.97069356,92.34110327,92.71197653,93.08329745,93.45507385,93.82731,94.19984152,94.57240908,94.94472824,95.31654452,95.68754374,96.05746346,96.42603249,96.77255849,96.76531446,96.76531446,96.76531446
Sub-Saharan Africa,Lower middle income,Tanzania,TZA,5.219946587,6.525429052,7.837418001,9.173626617,10.50710624,11.84772995,13.19603601,14.55234893,15.91737034,17.29100957,18.67426729,20.06715477,21.47044076,22.88406247,24.3078461,25.74211508,27.18676987,28.64230053,30.10877427,31.58598153,31.7607758,31.7607758,31.7607758
East Asia & Pacific,Upper middle income,Thailand,THA,92.4134373,92.68898717,92.96898851,93.25367209,93.54317222,93.83781676,94.13753606,94.4425781,94.75302481,95.06909558,95.39077552,95.72517684,96.06462166,96.40752741,96.75388237,97.10370657,97.45533132,97.79090683,98.12521791,98.42052549,98.71311912,98.71311912,98.71311912
East Asia & Pacific,Lower middle income,Timor-Leste,TLS,37.10158596,37.10158596,37.10158596,38.19917676,39.2968459,40.38106049,41.47693354,42.5733155,43.67064435,44.76800816,45.86518393,46.96255316,48.05923589,49.15500353,50.24989413,51.34364992,52.4360033,53.52642123,54.61515807,55.69136356,56.76669456,56.76669456,56.76669456
Sub-Saharan Africa,Low income,Togo,TGO,9.561232171,9.843097268,10.12722296,10.4134185,10.70169939,11.14167285,11.59224763,12.05338989,12.52528238,13.00700878,13.49940929,14.00698043,14.52776484,15.05856877,15.59980009,16.15141449,16.71431724,17.28824398,17.87316737,18.46905629,18.60319806,18.60319806,18.60319806
East Asia & Pacific,Upper middle income,Tonga,TON,88.99538491,88.99888411,89.00225922,89.00575818,89.00926073,89.63234957,90.25514816,90.87891865,91.50308052,92.12647428,92.74908678,93.27918197,93.4779841,93.43648132,93.38585432,93.32617551,93.25737804,93.17944513,93.0929125,92.9975705,92.89333236,92.89333236,92.89333236
Latin America & Caribbean,High income,Trinidad and Tobago,TTO,90.04467128,90.2962584,90.54819252,90.80047365,91.05310177,91.3060769,91.55939902,91.81306815,92.06708428,92.3214474,92.57615753,92.83121467,93.0866188,93.34236993,93.45693815,93.57150636,93.68607458,93.8006428,93.91521101,93.91521101,93.91521101,93.91521101,93.91521101
Middle East & North Africa,Lower middle income,Tunisia,TUN,76.51507858,77.24806203,78.33010165,79.41239351,80.48797534,81.53564863,82.58656539,83.63972807,84.69518399,85.7526465,86.81155168,87.87215133,88.93386754,89.99604417,91.0590284,92.12339737,93.18816534,94.25250377,95.31562708,96.37657143,97.43445889,97.43445889,97.43445889
Europe & Central Asia,Upper middle income,Turkiye,TUR,86.53613187,86.69597958,87.49077639,88.26961801,89.03290447,89.78012079,90.51211234,91.22863891,91.93025711,92.61660956,93.2882454,93.9452092,94.58795835,95.21547561,95.82869654,96.42790825,97.0135929,97.5860011,98.14568658,98.69299276,99.2249463,99.2249463,99.2249463
Europe & Central Asia,Upper middle income,Turkmenistan,TKM,92.96776447,93.02537724,93.08242958,93.13898402,93.19504002,93.5692242,93.94447325,94.32091315,94.69888891,95.07841657,95.4597747,95.8431328,96.22862328,96.61642645,97.00677965,97.39979056,97.79566042,98.19457481,98.59667755,99.00213719,99.41113393,99.41113393,99.41113393
Latin America & Caribbean,High income,Turks and Caicos Islands,TCA,80.89318182,81.4,81.90681818,82.41363636,82.92045455,83.42727273,83.93409091,84.44090909,84.94772727,85.45454545,85.96136364,86.46818182,86.975,87.48181818,87.98863636,87.98863636,87.98863636,87.98863636,87.98863636,87.98863636,87.98863636,87.98863636,87.98863636
East Asia & Pacific,Upper middle income,Tuvalu,TUV,79.77592846,79.77592846,79.80818203,79.87198441,79.95199182,80.03192102,80.70367568,81.35980907,82.00032092,82.62497282,83.2339598,83.82735029,84.405213,84.17299641,83.6288764,83.65901465,83.68822707,83.71648146,83.74384221,83.74384221,83.74384221,83.74384221,83.74384221
Sub-Saharan Africa,Low income,Uganda,UGA,16.66531682,16.84630867,17.02486591,17.2009591,17.37469304,17.54549825,17.71402449,17.87984309,18.04319216,18.20378767,18.36186364,18.5172692,18.67010675,18.81999014,18.96738682,19.11203559,19.25369088,19.39234767,19.52777728,19.66031989,19.78963715,19.78963715,19.78963715
Europe & Central Asia,Lower middle income,Ukraine,UKR,94.15271932,94.32907969,94.5100721,94.69367943,94.93108402,95.16873466,95.40403789,95.63792388,95.87044468,96.10154936,96.32799929,96.55389847,96.77928739,97.00416198,97.2285182,97.39925366,97.56931625,97.73344749,97.74059161,97.74159541,97.74271759,97.74271759,97.74271759
Middle East & North Africa,High income,United Arab Emirates,ARE,97.36811456,97.36811456,97.36811456,97.36811456,97.36811456,97.36811456,97.36811456,97.50500572,97.64189688,97.77878804,97.9156792,98.05257036,98.18946152,98.32635268,98.46324385,98.60013501,98.73702617,98.87391733,99.01080849,99.14769965,99.22957,99.22957,99.22957
Europe & Central Asia,High income,United Kingdom,GBR,99.12998922,99.12954593,99.12825158,99.1269699,99.12570184,99.12444484,99.12319667,99.12197081,99.1207537,99.11955254,99.11836302,99.11718667,99.11602073,99.11485603,99.11370311,99.1125619,99.1114221,99.11029545,99.10917758,99.10805979,99.1069609,99.1069609,99.1069609
North America,High income,United States,USA,99.88303647,99.88278005,99.88253062,99.88227989,99.8820292,99.8817868,99.88154042,99.88129549,99.8810546,99.88081511,99.86076619,99.84103269,99.82162867,99.80256859,99.78386084,99.7655241,99.74755356,99.72996764,99.71277377,99.69599445,99.67961928,99.67961928,99.67961928
Latin America & Caribbean,High income,Uruguay,URY,93.37709796,93.4011345,93.4243868,93.44702313,93.46887702,93.61163085,93.92380727,94.2330883,94.53965858,94.84358905,95.14509668,95.44424262,95.73860832,96.03107974,96.32263939,96.61331513,96.90314959,97.19214802,97.48035591,97.76780113,98.05452933,98.05452933,98.05452933
Europe & Central Asia,Lower middle income,Uzbekistan,UZB,92.67819923,93.29388374,93.90266262,94.50442252,95.09907877,95.68663122,96.26712791,96.84050639,97.40676642,97.96588246,98.51791332,99.05966172,99.59751111,99.97483641,100,100,100,100,99.99999699,100,100,100,100
East Asia & Pacific,Lower middle income,Vanuatu,VUT,55.76328482,55.80262299,55.84223914,55.88241899,55.92288213,55.70330868,55.48496408,55.26772508,55.05173981,54.83702121,54.60453449,54.3609739,54.11783824,53.87497942,53.6323966,53.39009333,53.14822067,52.90662802,52.66691625,52.68610241,52.70704482,52.70704482,52.70704482
East Asia & Pacific,Lower middle income,Vietnam,VNM,51.91688962,53.87481108,55.819878,57.75025922,59.66660351,61.64097344,63.60463279,65.5572956,67.49840034,69.42821322,71.34909419,73.25730636,75.15281942,77.03452679,78.90307591,80.75801041,82.59892171,84.32223318,86.02534939,87.70813691,89.24647713,89.24647713,89.24647713
Latin America & Caribbean,High income,Virgin Islands (U.S.),VIR,98.93510562,98.96236636,98.98962711,99.01688785,99.0441486,99.07140934,99.09867009,99.12593083,99.15319158,99.18045232,99.20771306,99.23497381,99.26223455,99.2894953,99.31675604,99.34401679,99.37127753,99.37127753,99.37127753,99.37127753,99.37127753,99.37127753,99.37127753
Middle East & North Africa,Upper middle income,West Bank and Gaza,PSE,90.36304235,90.41140342,90.45976243,90.50804894,90.98713899,91.46558257,91.94342494,92.42071862,92.8973784,93.37368407,93.84962286,94.32512001,94.80013851,95.27463253,95.74856475,96.22187301,96.69453127,97.16650764,97.63775146,98.10824376,98.57792609,98.57792609,98.57792609
Sub-Saharan Africa,Lower middle income,Zambia,ZMB,22.12842129,22.57973178,23.12704733,23.66974198,24.20750962,24.73971191,25.26638056,25.78689153,26.30154839,26.80885559,27.30968417,27.80314294,28.29020724,28.77066323,29.24353938,29.70884126,30.16562949,30.61364855,31.05240715,31.48122511,31.89963255,31.89963255,31.89963255
Sub-Saharan Africa,Lower middle income,Zimbabwe,ZWE,44.51700695,44.63278393,44.82097205,44.86259759,44.88169032,44.25558931,43.63137284,43.00931651,42.3891721,41.77119879,41.1551677,40.54131187,39.92942468,39.3197202,38.71708617,38.1206465,37.52919272,36.94167282,36.35716003,35.77433736,35.19236284,35.19236284,35.19236284